title,author,price,image
Shaman King Complete Edition 03, Hiroyuki Takei ,Rp 60.000,/assets/default-images/product.png
Samurai X Hokkaido Arc vol. 01, Nobuhiro Watsuki ,Rp 40.000,/assets/default-images/product.png
AKASHA: City Hunter Rebirth 7, Hojo Tsukasa ,Rp 36.000,/assets/default-images/product.png
Komik Alam Kubur, Abu Mahdi ,Rp 55.000,/assets/default-images/product.png
Shalawat Jalur Langit, Ustadz Fuad Sn ,Rp 59.000,/assets/default-images/product.png
Detektif Conan 100, Aoyama Gosho ,Rp 40.000,/assets/default-images/product.png
Misteri Perpustakaan yang Hilang (The Lost Library), Rebecca Steed dan Wendy Mass ,Rp 69.000,/assets/default-images/product.png
Stakeholder Management : Rahasia Sukses Optimasi Para Pemangku Kepentingan, RIVAN ACHMAD PURWANTONO ,Rp 151.200,/assets/default-images/product.png
Arsitektur Perilaku, Lury Sofyan Yahya & Dimas Budi Prasetyo ,Rp 88.200,/assets/default-images/product.png
"Yona, The Girl Standing In The Blush Of Dawn 41", Mizuho Kusanagi ,Rp 32.000,/assets/default-images/product.png
Naruto Official Animation Book: Hiden - Douga Emaki,,Rp 40.000,/assets/default-images/product.png
Kindaichi 37 8, Seimaru Amagi & Fumiya Sato ,Rp 33.600,/assets/default-images/product.png
The Dip: Saat Kita Ditantang untuk Bertahan atau Berhenti, Seth Godin ,Rp 44.000,/assets/default-images/product.png
AZ - Buku Aktivitas : Cinta Tanah Air, Heru Kurniawan ,Rp 28.000,/assets/default-images/product.png
Board Book Pintar Anak Muslim Doa Sehari - hari, Tim Oopredoo ,Rp 31.200,/assets/default-images/product.png
The Apothecary Diaries 5, NATSU HYUUGA / NEKOKURAGE ,Rp 36.000,/assets/default-images/product.png
Boruto - Naruto Next Generation Vol. 14, Seishi Kishimoto ,Rp 32.000,/assets/default-images/product.png
Kaiju No. 8 Vol. 03, Naoya Matsumoto ,Rp 44.000,/assets/default-images/product.png
Kaiju No. 8 Volume 2, Naoya Matsumoto ,Rp 44.000,/assets/default-images/product.png
"Kamus Lengkap Bahasa Indonesia  SD, SMP, SMA dan Umum"," PUTHOT TUNGGAL HANDAYANI, PUJO ADHI SURYANI ",Rp 49.500,/assets/default-images/product.png
DEMON SLAYER: Kimetsu no Yaiba 10, Koyoharu Gotouge ,Rp 32.000,/assets/default-images/product.png
Manajer Versus Supervisor, Febri Asiani ,Rp 49.500,/assets/default-images/product.png
Kitab Membaca Mikroekspresi dan Gesture, Intan Wulansari ,Rp 31.950,/assets/default-images/product.png
Z1-Sd/Mi Buku Siswa Kl.1 Bahasa Indonesia : Aku Bisa! Thn. 2, Sofie Dewayani ,Rp 24.500,/assets/default-images/product.png
Jungle Animals : Doodle Coloring, Herdhika Puspitasari ,Rp 59.000,/assets/default-images/product.png
Coloring Book Dinosaurus Robot, Kak Bambang  ,Rp 27.000,/assets/default-images/product.png
Buku Seri Pahlawan Nasional: Ki Hajar Dewantara, WATIEK IDEO & NINDIA MAYA ,Rp 36.000,/assets/default-images/product.png
Bukupas Matematika Untuk SD/MI Kelas 3 Fase B," Lilis Juarni, S.Si. ",Rp 60.000,/assets/default-images/product.png
The Power Of Tahajud And Duha," Ustaz H. M. Abd. Rouf, Lc., Ma. ",Rp 50.000,/assets/default-images/product.png
Strategi Manajemen Pelayanan Publik, Rofi’ah Nurhayati ,Rp 40.500,/assets/default-images/product.png
Strategi Manajemen Kepuasan Pelanggan, Asti Musman ,Rp 45.500,/assets/default-images/product.png
Al-Farabi Sebuah Biografi, A.R. Shohibul Ulum ,Rp 49.500,/assets/default-images/product.png
Bijak Mendidik Anak, Astrid Savitri ,Rp 49.000,/assets/default-images/product.png
Spy x Family 6, ENDOU TATSUYA ,Rp 36.000,/assets/default-images/product.png
Insecure Mom: Semua Ibu Berhak Bahagia, Aprina Tri Retnaningrum ,Rp 45.000,/assets/default-images/product.png
Panduan Lengkap Gerakan Pramuka, Susilo Herlambang ,Rp 55.500,/assets/default-images/product.png
Jangan Langsung Berbisnis Tanpa Buku Ini, Ekaning Benawi ,Rp 49.500,/assets/default-images/product.png
Dasar-Dasar Manajemen Sumber Daya Manusia, Srie Ningsih Ali ,Rp 59.500,/assets/default-images/product.png
Metode Manajemen Keuangan : Teori dan Penerapannya," Muhammad Fajrul Hakim, S.E. ",Rp 53.500,/assets/default-images/product.png
Bukupas Matematika untuk SD/MI Kelas 6 Fase C," Lilis Juarni, S.Si. ",Rp 60.000,/assets/default-images/product.png
Keluarga Bahagia, Florin Ceyanna ,Rp 44.000,/assets/default-images/product.png
Akasha : Record Of Ragnarok 15, AZYCHIKA / SHINYA UMEMURA ,Rp 45.000,/assets/default-images/product.png
Moriarty the Patriot 1, HIKARU MIYOSHI ,Rp 25.600,/assets/default-images/product.png
Jejak Digital: Antara Cahaya dan Bayang-Bayang di Medan Media Sosial," Ilham Muzaki, S.H., M.H. ",Rp 50.000,/assets/default-images/product.png
PR PJOK untuk SD/MI Kelas 6," Ary Setyaningsih, Rizal Ardiansyah ",Rp 46.000,/assets/default-images/product.png
"Tunggu Sebentar, Bu !", Zhang Qiaochu ,Rp 39.500,/assets/default-images/product.png
Tokyo Ghoul : Re 6, ,Rp 44.000,/assets/default-images/product.png
Cells at Work! 6, Akane Shimizu ,Rp 36.000,/assets/default-images/product.png
Level Comic: Tokyo Revengers 17, Ken Wakui ,Rp 40.000,/assets/default-images/product.png
Blue Lock 16," MUNEYUKI KANESHIRO,YUSUKE NOMURA ",Rp 45.000,/assets/default-images/product.png
Naruto Konoha`s Story - The Steam Ninja Scrolls 01, MASASHI KISHIMOTO ,Rp 45.000,/assets/default-images/product.png
DEMON SLAYER: Kimetsu no Yaiba 19, Koyoharu Gotouge ,Rp 40.000,/assets/default-images/product.png
English Classics: A Little Princess, Frances Hodgson Burnett ,Rp 44.000,/assets/default-images/product.png
Pendidikan Seni Musik untuk SD/MI Kelas 2 Kurikulum Merdeka," Titis Setyono Adi Nugroho, S.Sn., M.Sn. ",Rp 55.000,/assets/default-images/product.png
Stop Bullying Siapa Takut! Ayo Lawan Perundungan untuk SD/MI," Vanesa Adisa Herman, Catharina Novia Christanti ",Rp 44.100,/assets/default-images/product.png
Stop Bullying Siapa Takut! Ayo Lawan Perundungan untuk SMA/MA/SMK/MAK," Vanesa Adisa Herman, Catharina Novia Christanti ",Rp 44.100,/assets/default-images/product.png
The Island Of Doctor Moreau, H.g. Wells ,Rp 39.200,/assets/default-images/product.png
Kaiju No. 8 Vol. 04, Naoya Matsumoto ,Rp 44.000,/assets/default-images/product.png
Blue Lock 01, Muneyuki Kaneshiro ,Rp 36.000,/assets/default-images/product.png
Blue Lock 2, Muneyuki Kaneshiro ,Rp 36.000,/assets/default-images/product.png
Komi Sulit Berkomunikasi 04, Tomohito ODA ,Rp 29.600,/assets/default-images/product.png
"Bisa Atau Tidak, Ya?"," Benny Rhamdani, Dkk ",Rp 23.400,/assets/default-images/product.png
Bongkar Rahasia Karakter Diri Dengan Tulisan Tangan, Saniatu Aini ,Rp 49.950,/assets/default-images/product.png
Matinya Lord Edgware (Lord Edgware dies), Agatha Christie ,Rp 47.200,/assets/default-images/product.png
Final Fantasy : Lost Stranger 05," HAZUKI MINASE, ITSUKI KAMEYA ",Rp 38.400,/assets/default-images/product.png
Stop Bullying! Siapa Takut! Ayo Lawan Perundungan untuk SMP/MTS, Tim Kreatif ,Rp 44.100,/assets/default-images/product.png
Untukmu Yang Sedang Hanyut Karena Tumpukan Masalah, Rofi’ah Nurhayati ,Rp 53.100,/assets/default-images/product.png
Hidup Menang-Menang, Arisatya Yogaswara ,Rp 52.200,/assets/default-images/product.png
PR Pendidikan Pancasila untuk SMP/MTs Kelas 9," Kusmiatun, Yudi Suparyanto ",Rp 46.000,/assets/default-images/product.png
PR Pendidikan Pancasila untuk SMP/MTs Kelas 7A," Sigit Dwi Nuridha, Amin Suprihatini ",Rp 32.000,/assets/default-images/product.png
PR Pendidikan Pancasila untuk SMA/MA/SMK/MAK Kelas 11A," Aprilia Nur Kurniawati, Amin Suprihatini ",Rp 25.000,/assets/default-images/product.png
Buku Interaktif Active English: English for Senior High School Students Grade 12," Prasetya Adhi Wardhana, Sonny Irawan Putra, Susiningsih ",Rp 55.000,/assets/default-images/product.png
Buku Interaktif Bahasa Indonesia untuk SMA/MA/SMK/MAK Kelas 12," Arifah Rizky Aviliyah, Eva Fitriana Susanti ",Rp 58.000,/assets/default-images/product.png
Buku Pendidikan Agama Islam dan Budi Pekerti SD/MI Kelas 1, Muhammad Nurzakun / Joko Santoso ,Rp 21.700,/assets/default-images/product.png
Kisah-Kisah Tersembunyi Dari Sejarah Nusantara , Sony Adams ,Rp 44.550,/assets/default-images/product.png
Lima Sekawan: Karang Setan (Cetak Ulang 2018), Enid Blyton ,Rp 34.400,/assets/default-images/product.png
One Punch Man 26, One & Yusuke Murata ,Rp 32.000,/assets/default-images/product.png
The Cold Sato is only Sweet to Me 01, Kazami Sawatari ,Rp 36.000,/assets/default-images/product.png
Buku Interaktif Seni Musik untuk SD/MI Kelas 3," Andi Alexander, Melita Andiyani ",Rp 35.000,/assets/default-images/product.png
Buku Interaktif Seni Tari Untuk SD/MI Kelas 3," Ari Subekti, Zunia Rizky Wanda Lailasari ",Rp 35.000,/assets/default-images/product.png
Buku Interaktif Seni Rupa untuk SD/MI Kelas 3," Andi Tri Wibowo, Annisa ",Rp 35.000,/assets/default-images/product.png
Buku Interaktif Seni Rupa untuk SMP/MTs Kelas 9," Andi Tri Wibowo, Annisa ",Rp 45.000,/assets/default-images/product.png
Buku Interaktif Pendidikan Pancasila untuk SD/MI Kelas 3," Erni Fitri Astuti, Faizah Nur Diana ",Rp 52.000,/assets/default-images/product.png
Buku Interaktif PJOK untuk SMP/MTs Kelas 9," Ary Setyaningsih, Wulan Tri Wahyuni, Nabila Aully Puspitaningrum ",Rp 55.000,/assets/default-images/product.png
Ragna Crimson 09, Daiki Kobayashi ,Rp 55.000,/assets/default-images/product.png
Kaiju No. 8 Vol. 10, Naoya Matsumoto ,Rp 55.000,/assets/default-images/product.png
Pendidikan Agama Islam dan Budi Pekerti untuk SD Kelas 5, Soleh Baedowi & Hairil Muhammad Anwar ,Rp 27.900,/assets/default-images/product.png
Seri Mengelola Emosi : Ketika Sarah Marah, Dian K. ,Rp 36.000,/assets/default-images/product.png
Seri Mengelola Emosi : Ketika Lintang Senang, Dian K. ,Rp 36.000,/assets/default-images/product.png
Buku Interaktif Pendidikan Pancasila untuk SD/MI Kelas 4," Erni Fitri Astuti, Faizah Nur Diana ",Rp 50.000,/assets/default-images/product.png
Buku Interaktif Pendidikan Pancasila untuk SD/MI Kelas 1," Amin Suprihatini, Erni Fitri Astuti ",Rp 50.000,/assets/default-images/product.png
Projek Penguatan Profil Pelajar Pancasila untuk SD/MI Kelas 6," Meita Sandra Santhi, Titin Mabruroh, Singgih Aji Susilo ",Rp 55.000,/assets/default-images/product.png
Buku Interaktif Seni Tari untuk SMP/MTs Kelas 9," Ellen Wanodya Ghati, Yenicke Bara Nurdyana ",Rp 45.000,/assets/default-images/product.png
PR Pendidikan Agama Islam dan Budi Pekerti untuk SD/MI Kelas 6," Aghniyal Chakiim, Arief Nur Rahman Al Aziiz, Yudi Ari Setiawan ",Rp 50.000,/assets/default-images/product.png
Buku Interaktif Seni Teater untuk SD/MI Kelas 3," Anisa Lastari, Asri Kamila Ramadhani ",Rp 35.000,/assets/default-images/product.png
Buku Interaktif Pendidikan Pancasila untuk SD/MI Kelas 5," Amin Suprihatini, Erni Fitri Astuti ",Rp 50.000,/assets/default-images/product.png
Buku Interaktif Seni Rupa Untuk SD/MI Kelas 6," Andi Tri Wibowo, Annisa ",Rp 35.000,/assets/default-images/product.png
Buku Interaktif Pendidikan Pancasila untuk SMA/MA/SMK/MAK Kelas 11," Aprilia Nur Kurniawati, Khilya Fa’izia ",Rp 55.000,/assets/default-images/product.png
Buku Interaktif Seni Teater untuk SMP/MTS Kelas 9," Meita Sandra Santhi, Raden Dwi Gita Apriliyani ",Rp 45.000,/assets/default-images/product.png
Buku Interaktif Seni Musik Untuk SD/MI Kelas 6," Andi Alexander, Melita Andiyani ",Rp 35.000,/assets/default-images/product.png
Buku Interaktif Seni Musik untuk SMP/MTS Kelas 9," Andi Alexander, Melita Andiyani ",Rp 45.000,/assets/default-images/product.png
Buku Interaktif Seni Teater untuk SD/MI Kelas 6," Asri Kamila Ramadhani, Raden Dwi Gita Apriliyani ",Rp 35.000,/assets/default-images/product.png
Buku Interaktif Pendidikan Pancasila untuk SMA/MA/SMK/MAK Kelas 12," Khilya Fa'izia, Sigit Dwi Nuridha ",Rp 58.000,/assets/default-images/product.png
PR Kimia untuk SMA/MA Kelas 12," Lia Nurul Husnah, Narum Yuni Margono ",Rp 46.000,/assets/default-images/product.png
PR Sejarah untuk SMA/MA/SMK/MAK Kelas 12," Siti Munawaroh, Singgih Aji Susilo, Danik Isnaini ",Rp 46.000,/assets/default-images/product.png
Buku Interaktif Pendidikan Pancasila untuk SD/MI Kelas 6," Kusmiatun, Yudi Suparyanto ",Rp 52.000,/assets/default-images/product.png
PR Sosiologi untuk SMA/MA Kelas 12," Fera Atmawati, Dwi Aprilia Wati ",Rp 44.000,/assets/default-images/product.png
Buku Aktivitas Kenal Emosi, Dina Joeda ,Rp 50.000,/assets/default-images/product.png
Samurai X Hokkaido Arc vol. 08, Nobuhiro Watsuki ,Rp 50.000,/assets/default-images/product.png
Boruto - Naruto Next Generation Vol. 18, MASASHI KISHIMOTO ,Rp 40.000,/assets/default-images/product.png
Komikus Shojo Nozaki 07 (Terbit Ulang), Izumi Tsubaki ,Rp 45.000,/assets/default-images/product.png
PR Bahasa Indonesia untuk SD/MI Kelas 3A," Arifah Rizky Aviliyah, Asri Kamila Ramadhani ",Rp 28.000,/assets/default-images/product.png
PR Informatika untuk SMP/MTs Kelas 9," Triyanti, Galih Pangesthi, Bayu Pratama ",Rp 40.000,/assets/default-images/product.png
PR PAI dan Budi Pekerti untuk SMP/MTs Kelas 9," Anggun Liris Perdani, Azizah Niki Purnami, Cindy Kusuma Dewi ",Rp 50.000,/assets/default-images/product.png
PR Seni Teater untuk SD/MI Kelas 3A," Eva Fitriana Susanti, Y. Budi Artati ",Rp 18.000,/assets/default-images/product.png
Buku Interaktif Seni Tari untuk SD/MI Kelas 6," Yenicke Bara Nurdyana, Dede Wulansari ",Rp 35.000,/assets/default-images/product.png
PR Pendidikan Pancasila untuk SMA/MA/SMK/MAK Kelas 12," Sigit Dwi Nuridha, Aprilia Nur Kurniawati ",Rp 38.000,/assets/default-images/product.png
PR Matematika untuk SMA/MA/SMK/MAK Kelas 12," Noviana Endah Santoso, Nur Aksin ",Rp 38.000,/assets/default-images/product.png
PR Pendidikan Pancasila untuk SMA/MA/SMK/MAK Kelas 10A," Khilya Fa’izia, Faizah Nur Diana ",Rp 28.000,/assets/default-images/product.png
PR Bahasa Indonesia untuk SMP/MTS Kelas 9," Eva Fitriana Susanti, Raden Dwi Gita Apriliyani ",Rp 40.000,/assets/default-images/product.png
Buku Interaktif Seni Tari untuk SD/MI Kelas 6," Yenicke Bara Nurdyana, Dede Wulansari ",Rp 35.000,/assets/default-images/product.png
PR Pendidikan Pancasila untuk SMA/MA/SMK/MAK Kelas 12," Sigit Dwi Nuridha, Aprilia Nur Kurniawati ",Rp 38.000,/assets/default-images/product.png
PR Matematika untuk SMA/MA/SMK/MAK Kelas 12," Noviana Endah Santoso, Nur Aksin ",Rp 38.000,/assets/default-images/product.png
PR Pendidikan Pancasila untuk SMA/MA/SMK/MAK Kelas 10A," Khilya Fa’izia, Faizah Nur Diana ",Rp 28.000,/assets/default-images/product.png
PR Bahasa Indonesia untuk SMP/MTS Kelas 9," Eva Fitriana Susanti, Raden Dwi Gita Apriliyani ",Rp 40.000,/assets/default-images/product.png
PR PJOK untuk SMP/MTS Kelas 9," Wulan Tri Wahyuni, Nabila Aully Puspitaningrum ",Rp 40.000,/assets/default-images/product.png
PR Bahasa Inggris untuk SMP/MTS Kelas 9," Prasetya Adhi Wardhana, Deby S.R. Nurvitasari, Sonny Irawan Putra ",Rp 44.000,/assets/default-images/product.png
Cerdas Cergas Berbahasa Dan Bersastra Indonesia SMA/SMK Kelas 11, Heny Marwati Dan K. Waskitaningtyas ,Rp 18.000,/assets/default-images/product.png
Seri Cerita Rakyat Nusantara Lampung: Buaya Perompak, Dian K. ,Rp 31.200,/assets/default-images/product.png
Petualangan Captain Cones Pahlawan Keselamatan Jalan, Hendra Adi Wijaya ,Rp 47.200,/assets/default-images/product.png
Buku Seri Sahabat Bumi: Apa yang Mencemari Planet Bumi?, David West ,Rp 42.400,/assets/default-images/product.png
Frieren : After the End 03, Tsukasa Abe ,Rp 36.000,/assets/default-images/product.png
Frieren: After the End 1, Kanehito Yamada ,Rp 41.600,/assets/default-images/product.png
Smart Coloring Book: Benda Dirumah, Tim BIP ,Rp 39.200,/assets/default-images/product.png
TTS Cari Kata Pilihan Kompas Jilid 1 Rekreasi & Relaksasi, Dwiweko Suparjanto ,Rp 53.100,/assets/default-images/product.png
Speaking English in Professional Situations, Y. Sanaha Purba ,Rp 53.100,/assets/default-images/product.png
Yuk! Belajar Bahasa Jepang Sampai Mahir, Ayu Rahmawati ,Rp 40.950,/assets/default-images/product.png
How To Be a Creative Person, Aisyah Nafiani ,Rp 34.650,/assets/default-images/product.png
Super Easy Mudah Kuasai Bahasa Mandarin, Hendi Hwang ,Rp 53.100,/assets/default-images/product.png
Buku Interaktif Bahasa Indonesia untuk SMP/MTs Kelas 9," Arifah Rizky Aviliyah, Meita Sandra Santhi ",Rp 58.000,/assets/default-images/product.png
Buku Interaktif PJOK untuk SMA/MA Kelas 12," Rahadyan Leno Kharisma Afera, Rizal Ardiansyah, Muhammad Rizky Aria Luqoni ",Rp 58.000,/assets/default-images/product.png
PR Informatika untuk SMA/MA Kelas 12 Kur. Merdeka," Dhian Fendina Hapsari, Rusdiyana Dewi Noor Sholikhah ",Rp 44.000,/assets/default-images/product.png
One Punch Man 16, One & Yusuke Murata ,Rp 25.600,/assets/default-images/product.png
Belajar Bersama Temanmu Matematika untuk SD Kelas 4 Volume 2, Tim Gakko Tosho ,Rp 16.400,/assets/default-images/product.png
Belajar Bersama Temanmu Matematika untuk SD Kelas 4 Volume 1, Tim Gakko Tosho ,Rp 16.400,/assets/default-images/product.png
Buku Student's Book : My Next Words SD Kelas 4 Kurikulum Merdeka, EYLC Team ,Rp 12.200,/assets/default-images/product.png
One Punch Man 8, One & Yusuke Murata ,Rp 20.000,/assets/default-images/product.png
Super Easy Mudah Kuasai Bahasa Jepang, Rukmono Danang Nugroho ,Rp 53.100,/assets/default-images/product.png
Super Easy Mudah Kuasai Bahasa Inggris, Wahida Murriska ,Rp 53.100,/assets/default-images/product.png
Super Easy Mudah Kuasai Bahasa Jerman, Venita Hapsari ,Rp 53.100,/assets/default-images/product.png
Rahasia Keberhasilan Bisnis Ala Khadijah, Umi Dilla ,Rp 53.100,/assets/default-images/product.png
Paud Menulis Angka Dan Mewarnai (Bonus Sticker), Valia Yovanka ,Rp 56.000,/assets/default-images/product.png
Super Easy Mudah Kuasai Bahasa Prancis, Zuyana Diah Palupi ,Rp 53.100,/assets/default-images/product.png
Super Easy Mudah Kuasai Bahasa Korea, Rukmono Danang Nugroho ,Rp 53.100,/assets/default-images/product.png
Mendidik Anak Ala Rasulullah dan Sahabat Nabi, Umi Dilla ,Rp 53.100,/assets/default-images/product.png
"Buku Komplet Shalat, Doa, dan Zikir Plus Sepanjang Tahun", Ust. Arifin Idham ,Rp 49.950,/assets/default-images/product.png
1 Hari Langsung Jago Marketing & Sales," Fajar Nur'aini D.F., M.Psi., Edo Santo Saputra, S.Psi. ",Rp 44.550,/assets/default-images/product.png
Lima Sekawan: Memburu Kereta Api Hantu, Enid Blyton ,Rp 45.200,/assets/default-images/product.png
Buku Siswa Ilmu Pengetahuan Alam Dan Sosial SD/MI Kelas 4," Amalia Fitri, Anggayudha A. Rasa, Aldilla Kusumawardhani, Kinkin K. Nursya`Bani, Kristianti Fatimah, ",Rp 25.000,/assets/default-images/product.png
Bahasa Indonesia : Lihat Sekitar untuk SD Kelas 4, Eva Yulia Nukman Dkk ,Rp 24.500,/assets/default-images/product.png
1 Hari Langsung Jago Marketing & Sales," Fajar Nur'aini D.F., M.Psi., Edo Santo Saputra, S.Psi. ",Rp 44.550,/assets/default-images/product.png
Lima Sekawan: Memburu Kereta Api Hantu, Enid Blyton ,Rp 45.200,/assets/default-images/product.png
Buku Siswa Ilmu Pengetahuan Alam Dan Sosial SD/MI Kelas 4," Amalia Fitri, Anggayudha A. Rasa, Aldilla Kusumawardhani, Kinkin K. Nursya`Bani, Kristianti Fatimah, ",Rp 25.000,/assets/default-images/product.png
Bahasa Indonesia : Lihat Sekitar untuk SD Kelas 4, Eva Yulia Nukman Dkk ,Rp 24.500,/assets/default-images/product.png
Belajar Bersama Temanmu : Matematika untuk SD Kelas 5 Volume 1, Tim Gakko Tosho ,Rp 18.800,/assets/default-images/product.png
My Next Words Grade 2 - Students Book for Elementary School, EYLC Team ,Rp 12.200,/assets/default-images/product.png
Sang Penguasa, Machiavelli  ,Rp 49.500,/assets/default-images/product.png
Bahasa Indonesia : Keluargaku Unik untuk SD Kelas 2," Widjati Hartiningtyas, Eni Priyanti ",Rp 22.200,/assets/default-images/product.png
The 20 Great Economists, Fikra Muljani ,Rp 53.550,/assets/default-images/product.png
"Teasing Master, Takagi 5", YAMAMOTO SOUICHIROU ,Rp 32.000,/assets/default-images/product.png
Filipi : Surat Paulus Kepada Rekan Rekannya, Andrew Wommack ,Rp 40.500,/assets/default-images/product.png
The Habit Fix, Salsabila Ayu ,Rp 49.950,/assets/default-images/product.png
Metode Mudah Menyusun Laporan Keuangan," Alin Aun Adyana, S.K.M., M.M. ",Rp 49.950,/assets/default-images/product.png
Meraih Surga Bersama Suami," Nadya Vaizal, Citra, dkk. ",Rp 53.550,/assets/default-images/product.png
Haikyu!!: Fly High! Volleyball! 36, Haruichi Furudate ,Rp 32.000,/assets/default-images/product.png
UUD 1945 Untuk Pelajar Dan Umum, Tim Miracle - M&C ,Rp 40.000,/assets/default-images/product.png
Sultan Cilik Dan Kerajaan Bahan Baku, Wahyu Setyorini ,Rp 59.000,/assets/default-images/product.png
"Kaguya-Sama, Love Is War 17", AKA AKASAKA ,Rp 45.000,/assets/default-images/product.png
Tokyo Ghoul 11 - Terbit Ulang, SUI ISHIDA ,Rp 55.000,/assets/default-images/product.png
Kendaraan Besar : Victor Si Eskavator, Winda Dwi Gustiana ,Rp 33.750,/assets/default-images/product.png
Seri Balita Cerdas: Baba Jago Bermusik, Chitra Astriana ,Rp 38.400,/assets/default-images/product.png
Fate/Grand Order - Mortalis : Stella - 02," Shiramine, Type-Moon ",Rp 36.000,/assets/default-images/product.png
Hiroshi Nohara's Lunch Style 05, YOICHI TSUKAHARA/YOSHITO USUI ,Rp 32.000,/assets/default-images/product.png
When A T. Rex Comes To Play - Ketika T. Rex Datang Bermain," Helen Cane-Hardy, Mette Engell ",Rp 47.200,/assets/default-images/product.png
I Am Not A Sleepy Sloth - Aku Bukan Kukang Pengantuk," Jane Riordan, Louise Anglicas ",Rp 47.200,/assets/default-images/product.png
"Buku Kontras : Hai, Tubuhku!"," Putri P., M.Psi., Psikolog ",Rp 53.100,/assets/default-images/product.png
Cara Gampang Jago Bahasa Korea, Riskaninda Maharani ,Rp 47.700,/assets/default-images/product.png
Titik Menuju Dewasa, Mulasih Tary & Devi Ardiyanti ,Rp 46.800,/assets/default-images/product.png
Tutorial Praktis Kuasai Excel Super Cepat, Elly Santi ,Rp 50.850,/assets/default-images/product.png
Jalani Hidupmu Tanpa Overthinking, Dewi Indra ,Rp 44.550,/assets/default-images/product.png
"Sayangi Diri Sendiri, Stop Memaksa Jadi Sempurna", Soviah K. & Mulasih Tary ,Rp 50.400,/assets/default-images/product.png
Dakon: A Traditional Game of Indonesia, Rahayu  ,Rp 28.800,/assets/default-images/product.png
Mengapa Kita Berqurban?, Unik Hanifah Salsabila ,Rp 49.500,/assets/default-images/product.png
Akasha: Record of Ragnarok 8," AJI Chika, Shinya UMEMURA ",Rp 36.000,/assets/default-images/product.png
Mewarnai Unicorn Untuk PAUD & TK, Kak bambang  ,Rp 24.300,/assets/default-images/product.png
Beyond the Dimensions : Mindful Coloring For Adults, Angela Ruby ,Rp 31.950,/assets/default-images/product.png
Beyond The Universe : Adult Coloring, Angela Ruby ,Rp 35.550,/assets/default-images/product.png
Langkah Mudah Belajar Video Editing Dengan Canva dan Capcut, Khipti Fatimah ,Rp 36.000,/assets/default-images/product.png
One Punch Man 7, One & Yusuke Murata ,Rp 25.600,/assets/default-images/product.png
Psikotes Untuk Calon Pegawai Negeri Sipil CPNS/BUMN," Marisa Stevanny, S.Si ",Rp 40.500,/assets/default-images/product.png
